Titre,Date,Lien,Description_Texte,Email_Genere
Entretien des ouvrages annexes d'assainissement pluvial des voiries départementales des Hauts-de-Seine.,07/12/2025,https://www.marchesonline.com/appels-offres/avis/entretien-des-ouvrages-annexes-d-assainissement-pluvial/ao-9531032-1,"Appels d’offres
Nouvelle recherche
Entretien des ouvrages annexes d'assainissement pluvial des voiries départementales des Hauts-de-Seine.
Retour à la liste
Ville de Guyancourt
Entretien des ouvrages annexes d'assainissement pluvial des voiries départementales des Hauts-de-Seine.
78 -
                                                                                                                    SMO SEINE ET YVELINES VOIRIE
Mise en ligne :
                                        07/12/2025
Limite de
                                            réponse
                                            : 07/01/2026
Travaux Publics
Appel d'offres ouvert
Avis n°AO-2551-0578
Ville de Guyancourt
Entretien des ouvrages annexes d'assainissement pluvial des voiries départementales des Hauts-de-Seine.
78 -
                                                                                                                    SMO SEINE ET YVELINES VOIRIE
Limite de réponse :
                                07/01/2026
Descriptif
Source : WEB
Avis de marché
Département(s) de publication :78, 91, 75, 95, 28
Annonce n° 25-133588
Section 1 - Acheteur
1.1 Acheteur
Nom officiel : Syndicat mixte ouvert « Seine et Yvelines Voirie »
Forme juridique de l'acheteur : Autorité locale
Activité du pouvoir adjudicateur : Services d'administration générale
Section 2 - Procédure
2.1 Procédure
Titre : Entretien des ouvrages annexes d'assainissement pluvial des voiries départementales des Hauts-de-Seine
Description : Le Département assure l'entretien des dispositifs d'assainissement et de gestion des eaux pluviales de voirie. Le présent marché a pour objectif l'entretien des dispositifs existants ou bien qui seront réalisés en cours de marché
Identifiant de la procédure : 0e9e005d-d5ea-4e80-b89d-495a451acd6e
Identifiant interne : 2025EP0025
Type de procédure : Ouverte
La procédure est accélérée : non
2.1.1 Objet
Nature du marché : Services
Nomenclature principale ( cpv ): 90913200 Services de nettoyage de réservoirs
Nomenclature supplémentaire ( cpv ): 45232452 Ouvrages de drainage
Nomenclature supplémentaire ( cpv ): 50532000 Services de réparation et d'entretien de machines et d'appareils électriques et de matériel connexe
2.1.2 Lieu d'exécution
Adresse postale : 11 Avenue du Centre
Ville : Guyancourt
Code postal : 78280
Subdivision pays (NUTS) : Yvelines ( FR103 )
Pays : France
2.1.3 Valeur
Valeur estimée hors TVA : 320,000 Euro
2.1.4 Informations générales
Informations complémentaires : Les prix du contrat sont encadrés selon les montants minimums et maximums suivants : - montant minimum par période : 50 000 euro(s) Ht - montant maximum par période : 160 000 euro(s) Ht La date de notification indiqué dans le présent avis est donné à titre indicatif et sans valeur contractuelle
Base juridique :
Directive 2014/24/UE
Section 5 - Lot
5.1 Identifiant technique du lot : LOT-0000
Titre : Entretien des ouvrages annexes d'assainissement pluvial des voiries départementales des Hauts-de-Seine
Description : Le Département assure l'entretien des dispositifs d'assainissement et de gestion des eaux pluviales de voirie. Le présent marché a pour objectif l'entretien des dispositifs existants ou bien qui seront réalisés en cours de marché
Identifiant interne : S-PF-1749379
5.1.1 Objet
Nature du marché : Services
Nomenclature principale ( cpv ): 90913200 Services de nettoyage de réservoirs
Nomenclature supplémentaire ( cpv ): 45232452 Ouvrages de drainage
Nomenclature supplémentaire ( cpv ): 50532000 Services de réparation et d'entretien de machines et d'appareils électriques et de matériel connexe
5.1.2 Lieu d'exécution
Adresse postale : 11 Avenue du Centre
Ville : Guyancourt
Code postal : 78280
Subdivision pays (NUTS) : Yvelines ( FR103 )
Pays : France
Informations complémentaires :
5.1.3 Durée estimée
Date de début : 23/02/2026
Durée : 24 Mois
5.1.4 Renouvellement
Nombre maximal de renouvellements : 1
L'acheteur se réserve le droit d'effectuer des achats supplémentaires auprès du contractant, comme décrit ici : Le contrat peut être reconduit tacitement une fois pour une durée de 24 mois, sans que sa durée globale ne puisse excéder 4 ans. L'acheteur notifie la décision de ne pas reconduire le contrat minimum 2 mois avant la date de fin de période d'exécution en cours
5.1.5 Valeur
Valeur estimée hors TVA : 320,000 Euro
5.1.6 Informations générales
Il s'agit d'un marché récurrent
Participation réservée : La participation n'est pas réservée.
Les noms et les qualifications professionnelles du personnel chargé de l'exécution du marché doivent être mentionnés : Non requises
Projet de passation de marché non financé par des fonds de l'UE
Le marché relève de l'accord sur les marchés publics (AMP) : oui
5.1.7 Marché public stratégique
Méthode utilisée pour réduire l'incidence environnementale : Autre
5.1.9 Critères de sélection
Sources des critères de sélection : Avis
Critère : Autorisation ou adhésion à une organisation particulière nécessaire pour les contrats de services
Description : Déclaration sur l'honneur (ou l'imprimé Dc1 fourni par le Département, en cochant la case correspondante dans la section F « Engagements du candidat individuel ou de chaque membre du groupement ») indiquant que le candidat individuel ou chaque membre du groupement n'entre dans aucun des cas d'interdiction de soumissionner prévu aux articles L.2141-1 à L.2141-5 et L.2141-7 à L.2141-10 du code de la commande publique ; Le(s) pouvoir(s) habilitant le signataire à engager le candidat individuel ou chaque membre du groupement (délégation de signature)
Critère : Assurance responsabilité professionnelle pour les risques
Description : Preuve d'une assurance pour les risques professionnels
Critère : Proportion de sous-traitance
Description : Lettre d'engagement
Critère : Effectif moyen annuel
Description : Déclaration indiquant les effectifs moyens annuels du candidat et l'importance du personnel d'encadrement pour chacune des trois dernières années
Critère : Chiffre d'affaires annuel général
Description : Déclaration concernant le chiffre d'affaires global et le chiffre d'affaires concernant les fournitures, services ou travaux objet du marché, réalisés au cours des trois derniers exercices disponibles
Critère : Références sur des services spécifiés
Description : Liste des principaux services effectués (3 dernières années) indiquant le montant, la date et le destinataire, prouvées par des attestations du destinataire ou, à défaut, par une déclaration de l'opérateur économique
5.1.10 Critères d'attribution
Critère :
Type : Qualité
Description : Valeur environnementale
Pondération (pourcentage, valeur exacte) : 12
Critère :
Type : Qualité
Description : Valeur technique
Pondération (pourcentage, valeur exacte) : 38
Critère :
Type : Prix
Description : Prix
Pondération (pourcentage, valeur exacte) : 50
5.1.11 Documents de marché
Adresse des documents de marché :
https://www.marches-publics.info/mpiaws/index.cfm?fuseaction=dematEnt.login&type=DCE&IDM=1749379
Canal de communication ad hoc :
Nom : AW Solutions
5.1.12 Conditions du marché public
Conditions de présentation :
Présentation par voie électronique : Requise
Adresse de présentation :
https://www.marches-publics.info/mpiaws/index.cfm?fuseaction=demat.termes&IDM=1749379
Langues dans lesquelles les offres ou demandes de participation peuvent être présentées : français
Catalogue électronique : Non autorisée
Variantes : Non autorisée
Date limite de réception des offres :
07/01/2026 à 16:00
Date limite de validité de l'offre : 6 Mois
Informations relatives à l'ouverture publique :
Date d'ouverture : 07/01/2026 à 16:00
Conditions du marché :
Le marché doit être exécuté dans le cadre de programmes d'emplois protégés : Non
Facturation en ligne : Requise
La commande en ligne sera utilisée : non
Le paiement en ligne sera utilisé : non
Informations relatives aux délais de recours : 1 - Recours en référé précontractuel pouvant être exercé depuis le début de la procédure de passation jusqu'à la signature du marché (article L 551-1 du code de justice administrative) ; 2 - Recours pour excès de pouvoir formé contre une décision, dans les deux mois à partir de la notification ou de la publication de la décision attaquée (article R 421-1 du code de justice administrative) ou à partir d'une décision implicite de rejet (article R 421-2 du code de justice administrative) ; 3 - Recours de pleine juridiction formé contre la validité du contrat ou certaines de ses clauses qui en sont divisibles, dans le délai de 2 mois à compter de la parution de l'avis d'attribution, en application de l'arrêt du Conseil d'Etat, Assemblée, 4 avril 2014, ""Département du Tarn et Garonne"" n°358994 ; 4 - Recours en référé contractuel pouvant être exercé dans les conditions prévues à l'article L 551-13 du code de justice administrative et pouvant être exercé dans les délais prévus à l'article R 551-7 du code de justice administrative.
5.1.15 Techniques
Accord-cadre :
Accord-cadre, sans remise en concurrence
Nombre maximal de participants : 1
Informations sur le système d'acquisition dynamique :
Pas de système d'acquisition dynamique
Enchère électronique : non
5.1.16 Informations complémentaires, médiation et réexamen
Organisation chargée des procédures de médiation : Préfecture de la région Ile-de-France - Préfecture de Paris
Organisation chargée des procédures de recours : Tribunal administratif de Versailles
Organisation qui fournit des informations complémentaires sur la procédure de passation de marché : Syndicat Mixte Ouvert « Seine et Yvelines Voirie » (SMO)
TED eSender : Avenue-Web Systèmes
Section 8 - Organisations
8.1 ORG-0001
Nom officiel : Avenue-Web Systèmes
Numéro d'enregistrement : 164697B5-D14A-3761-B9D2BAC619A40B85
Ville : Seyssinet-Pariset
Code postal : 38170
Subdivision pays (NUTS) : Isère ( FRK24 )
Pays : France
Adresse électronique :
[email protected]
Téléphone : +33480041260
Rôles de cette organisation :
TED eSender
8.1 ORG-0002
Nom officiel : Syndicat mixte ouvert « Seine et Yvelines Voirie »
Numéro d'enregistrement : 75000
Adresse postale : Bâtiment Alpha 11 avenue du Centre
Ville : Guyancourt
Code postal : 78280
Subdivision pays (NUTS) : Yvelines ( FR103 )
Pays : France
Point de contact : BEDIER Pierre
Adresse électronique :
[email protected]
Téléphone : 0806000092
Adresse internet :
http://www.epi78-92.fr/
Rôles de cette organisation :
Acheteur
8.1 ORG-0003
Nom officiel : Syndicat Mixte Ouvert « Seine et Yvelines Voirie » (SMO)
Numéro d'enregistrement : 164697D7-9E45-F87F-5BAB1732362BC83D
Adresse postale : 11 Avenue du Centre
Ville : Guyancourt
Code postal : 78280
Subdivision pays (NUTS) : Yvelines ( FR103 )
Pays : France
Adresse électronique :
[email protected]
Téléphone : 0806000092
Rôles de cette organisation :
Organisation qui fournit des informations complémentaires sur la procédure de passation de marché
8.1 ORG-0004
Nom officiel : Tribunal administratif de Versailles
Numéro d'enregistrement : 164697F7-C71F-A5C0-94660480FB412D6B
Adresse postale : 56 avenue de Saint Cloud
Ville : Versailles
Code postal : 78012
Subdivision pays (NUTS) : Yvelines ( FR103 )
Pays : France
Adresse électronique :
[email protected]
Téléphone : 0139205400
Télécopieur : 0139205487
Adresse internet :
http://versailles.tribunal-administratif.fr
Rôles de cette organisation :
Organisation chargée des procédures de recours
8.1 ORG-0005
Nom officiel : Préfecture de la région Ile-de-France - Préfecture de Paris
Numéro d'enregistrement : 1646982F-EE02-0326-49E0ABBD3F8B498B
Adresse postale : 5 rue Leblanc
Ville : Paris
Code postal : 75911
Subdivision pays (NUTS) : Paris ( FR101 )
Pays : France
Adresse électronique :
[email protected]
Téléphone : 0182524267
Télécopieur : 0182524295
Rôles de cette organisation :
Organisation chargée des procédures de médiation
Section 11 - Informations relatives à l'avis
11.1 Informations relatives à l'avis
Identifiant/version de l'avis : 60a9b98f-5e65-4e11-a6c3-9c993722d11f - 01
Type de formulaire : Mise en concurrence
Type d'avis : Avis de marché ou de concession - régime ordinaire
Date d'envoi de l'avis : 04/12/2025 à 10:10
Langues dans lesquelles l'avis en question est officiellement disponible : français
11.2 Informations relatives à la publication
Date d'envoi du présent avis à la publication :
04/12/2025
Recevoir des avis similaires
Mettre en favori
Partager
Imprimer
Télécharger en pdf
Nouvelle recherche
Voir les avis similaires
Ces avis peuvent vous intéresser
Avis similaires
Voir
                                        tout
Communauté Urbaine Grand Paris Seine et Oise
Exploitation des ouvrages d'assainissement
AO : AO-2550-2984
78 -
                                                                                    SMO SEINE ET YVELINES VOIRIE
Services
Procédure adaptée
Mise en ligne : 06/12/2025
Limite de réponse :
14/01/2026
CA Les Portes de l'Essonne - CALPE
Accord-cadre de services à bons de commande pour le transport et le chargement des bennes et déchets de la déchèterie et de la plateforme de dépôt de déchets verts (2 lots) pour la CCPIF
AO : AO-2549-1096
78 -
                                                                                    SMO SEINE ET YVELINES VOIRIE
Services
Appel d'offres ouvert
Mise en ligne : 26/11/2025
Limite de réponse :
22/12/2025
SI d'Assaissement de la Région de Neauphle-le-Château
Exploitation de la station d'épuration de Villiers-Saint-Frédéric et de son méthaniseur.
AO : AO-2549-0335
78 -
                                                                                    SMO SEINE ET YVELINES VOIRIE
Services
Appel d'offres ouvert
Mise en ligne : 23/11/2025
Limite de réponse :
26/12/2025
Avis du même domaine d’activité
Voir tout
CCM de Puisaye Forterre
Marché de collecte des déchets ménagers et assimilés.
AO : AO-2551-0584
78 -
                                                                                    SMO SEINE ET YVELINES VOIRIE
Services
Appel d'offres ouvert
Mise en ligne : 07/12/2025
Limite de réponse :
02/02/2026
SIAAP
Achat de préleveurs d'eau, de préleveurs d'air et de préleveurs de boue pour le SIAAP - 3 LOTS.
AO : AO-2551-0564
78 -
                                                                                    SMO SEINE ET YVELINES VOIRIE
Travaux de bâtiment
Appel d'offres ouvert
Mise en ligne : 07/12/2025
Limite de réponse :
09/01/2026
DIR Ouest - Direction interdépartementale des Routes Ouest
Prestations d'exploitation de deux bretelles du réseau routier national de la DIR Ouest
AO : AO-2551-0323
78 -
                                                                                    SMO SEINE ET YVELINES VOIRIE
Etudes, Maîtrise d'oeuvre, Contrôle
Appel d'offres ouvert
Mise en ligne : 07/12/2025
Limite de réponse :
19/01/2026
Avis à Proximité
Voir tout
Hydreaulys
ACCORD-CADRE À BONS DE COMMANDE POUR UNE PRESTATION DE GESTION DES EMBACLES ET D'ENTRETIEN DE LA VEGETATION RIVULAIRE SUR LE TERRITOIRE DU SYNDICAT HYDREAULYS.
AO : AO-2551-0580
78 -
                                                                                    SMO SEINE ET YVELINES VOIRIE
Travaux Publics
Procédure adaptée
Mise en ligne : 07/12/2025
Limite de réponse :
12/01/2026
INRIA - Institut National de Recherche  en Informatique et en Automatique
PRESTATIONS DE MISE A DISPOSITION DE VEHICULES AVEC CHAUFFEUR POUR LE TRANSPORT INDIVIDUEL ET ADAPTE DE PERSONNES A MOBILITE REDUITE OU EN SITUATION DE HANDICAP EN ILE-DE-FRANCE.
AO : AO-2551-0579
78 -
                                                                                    SMO SEINE ET YVELINES VOIRIE
Services
Appel d'offres ouvert
Mise en ligne : 07/12/2025
Limite de réponse :
09/02/2026
Saint Quentin en Yvelines Communauté d'agglomération
Réalisation du Schéma Directeur d'Assainissement et de Gestion des Eaux Pluviales (SDAGEP) de Saint-Quentin-en-Yvelines.
AO : AO-2550-2986
78 -
                                                                                    SMO SEINE ET YVELINES VOIRIE
Etudes, Maîtrise d'oeuvre, Contrôle
Appel d'offres ouvert
Mise en ligne : 06/12/2025
Limite de réponse :
08/01/2026
Recevoir des avis similaires
Des questions ?
Nous sommes à votre service.
Nous contacter
Quels avis de marchés sont publiés sur Marchés Online ?
La plate-forme Marchés Online vous permet d'accéder à l'ensemble des appels d'offres publics
                        publiés, dans tous les secteurs d'activité et pour tous les types de marchés. Vous retrouvez
                        également des projets de travaux privés.
Comment rechercher un avis de marché public sur Marchés Online ?
Notre moteur de recherche vous permet de cibler les marchés qui correspondent à votre secteur
                        d'activité ou à tout autre critère relatif aux marchés : mots-clés, localisation géographique,
                        nature du marché, type de procédure, la date limite de réponse, etc.
Qu'est-ce qu'un profil de recherche d'avis de marchés public sur Marchés Online et comment
                            en créer ?
Un profil de recherche reprend tous vos critères de recherche d'avis. Il vous permet
                        d'enregistrer une alerte, qui vous notifiera automatiquement par email de tous les nouveaux avis
                        publiés correspondants à ces critères.
Comment partager un avis de marché public sur Marchés Online ?
Vous pouvez transmettre à vos collègues un appel d'offres susceptible de les intéresser avec le
                        bouton « Partager » en haut à droite de l'avis. Celui-ci sera envoyé aux adresses emails que
                        vous aurez saisies.
Comment définir une alerte e-mail sur Marchés Online ?
Depuis la page de détail d'un avis, en cliquant sur le bouton ""Recevoir des avis similaires"", ou
                        depuis votre espace entreprise (section ""Mes recherches""), vous pouvez activer l'alerte e-mail
                        correspondant à vos critères de recherche.
Nous contacter
L'accès à cette fonctionnalité nécessite d'être identifié
Pour utiliser cette fonctionnalité,
connectez-vous
Mon identifiant*
Mot de passe*
Mot de passe oublié ?
Je me connecte
Vous n’avez pas encore de compte ?
Identifiez-vous
pour bénéficier de l’ensemble des services suivants :
Création de
vos propres profils de recherche
pour éviter de saisir à chaque visite vos critères de recherche.
Mise en place
d’alertes e-mail
quotidiennes ou hebdomadaires sur ces profils, pour rester informé de toute nouvelle opportunité.
Accès au DCE
et répondre en ligne aux avis identifiés par ce pictogramme.
Une base complète de
projets de marchés privés
pour détecter de nouvelles affaires.
Le référencement de
votre profil
dans notre
annuaire
pour augmenter
votre visibilité auprès des acheteurs.
Je crée mon compte
Envoyer à un contact
Identification
Vous souhaitez envoyer cet avis à un contact ?
Renseignez simplement les noms et adresses mail de vos destinataires
NOM DU DESTINATAIRE *
1
*
2
3
4
5
MAIL DU DESTINATAIRE *
*
* Champs obligatoires
Vous pouvez personnaliser votre message
Envoyer","Objet : Opportunité de marché à saisir

Bonjour [Nom du patron],

J'ai détecté le marché ""Entretien des ouvrages annexes d'assainissement pluvial"" qui nécessite une expertise spécialisée, comme la vôtre. Votre connaissance du secteur local est un atout majeur pour remporter ce contrat. Je vous ai préparé le dossier technique, je vous l'envoie ?

Cordialement,  
[Votre Nom]  
[Votre Numéro]  
[Votre Société]"
Prestations de faucardage et nettoyage des bassins intérieurs du Port Autonome de Strasbourg.,07/12/2025,https://www.marchesonline.com/appels-offres/avis/prestations-de-faucardage-et-nettoyage-des-bassins-int/ao-9530374-1,"Appels d’offres
Nouvelle recherche
Prestations de faucardage et nettoyage des bassins intérieurs du Port Autonome de Strasbourg.
Retour à la liste
Port Autonome de Strasbourg
Prestations de faucardage et nettoyage des bassins intérieurs du Port Autonome de Strasbourg.
67 -
                                                                                                                    STRASBOURG
Mise en ligne :
                                        07/12/2025
Limite de
                                            réponse
                                            : 16/01/2026
Travaux Publics
Appel d'offres ouvert
Avis n°AO-2550-3188
Port Autonome de Strasbourg
Prestations de faucardage et nettoyage des bassins intérieurs du Port Autonome de Strasbourg.
67 -
                                                                                                                    STRASBOURG
Limite de réponse :
                                16/01/2026
Descriptif
Source : WEB
Avis de marché
Département(s) de publication :67
Annonce n° 25-133639
Section 1 - Acheteur
1.1 Acheteur
Nom officiel : Port autonome de Strasbourg
Activité de l'entité adjudicatrice : Activités portuaires
Section 2 - Procédure
2.1 Procédure
Titre : Prestations de faucardage et nettoyage des bassins intérieurs du Port Autonome de Strasbourg
Description : Montant HT minimum pour la durée totale du contrat : 420000.0 Euro(s) H.T. L'accord-cadre sera exécuté par l'émission de bons de commande. Les prestations sont réglées par des prix unitaires et forfaitaires. Les montants estimatifs sont indicatifs et comprennent la totalité des périodes de reconduction. La présente consultation concerne un accord-cadre à bons de commande pour la réalisation de travaux de faucardage et de nettoyage des bassins portuaires à niveau constant
Identifiant de la procédure : d35dd11a-7525-41f9-a873-446811bca48b
Identifiant interne : 25F042DISPEEM
Type de procédure : Ouverte
La procédure est accélérée : non
2.1.1 Objet
Nature du marché : Services
Nomenclature principale ( cpv ): 50800000 Services divers d'entretien et de réparation
Nomenclature supplémentaire ( cpv ): 50800000 Services divers d'entretien et de réparation
2.1.2 Lieu d'exécution
Adresse postale : Zone Portuaire de Strasbourg
Ville : Strasbourg
Code postal : 67000
Subdivision pays (NUTS) : Bas-Rhin ( FRF11 )
Pays : France
2.1.3 Valeur
Valeur estimée hors TVA : 1,190,000 Euro
2.1.4 Informations générales
Base juridique :
Directive 2014/25/UE
Section 5 - Lot
5.1 Identifiant technique du lot : LOT-0000
Titre : Prestations de faucardage et nettoyage des bassins intérieurs du Port Autonome de Strasbourg
Description : Montant HT minimum pour la durée totale du contrat : 420000.0 Euro(s) H.T. L'accord-cadre sera exécuté par l'émission de bons de commande. Les prestations sont réglées par des prix unitaires et forfaitaires. Les montants estimatifs sont indicatifs et comprennent la totalité des périodes de reconduction. La présente consultation concerne un accord-cadre à bons de commande pour la réalisation de travaux de faucardage et de nettoyage des bassins portuaires à niveau constant
Identifiant interne : S-PF-1749432
5.1.1 Objet
Nature du marché : Services
Nomenclature principale ( cpv ): 50800000 Services divers d'entretien et de réparation
Nomenclature supplémentaire ( cpv ): 50800000 Services divers d'entretien et de réparation
5.1.2 Lieu d'exécution
Adresse postale : Zone Portuaire de Strasbourg
Ville : Strasbourg
Code postal : 67000
Subdivision pays (NUTS) : Bas-Rhin ( FRF11 )
Pays : France
Informations complémentaires :
5.1.3 Durée estimée
Date de début : 01/03/2026
Durée : 12 Mois
5.1.4 Renouvellement
Nombre maximal de renouvellements : 5
L'acheteur se réserve le droit d'effectuer des achats supplémentaires auprès du contractant, comme décrit ici : Le contrat est susceptible d'être reconduit dans les conditions du cahier des charges
5.1.5 Valeur
Valeur estimée hors TVA : 1,190,000 Euro
5.1.6 Informations générales
Il s'agit d'un marché récurrent
Participation réservée : La participation n'est pas réservée.
Les noms et les qualifications professionnelles du personnel chargé de l'exécution du marché doivent être mentionnés : Non requises
Projet de passation de marché non financé par des fonds de l'UE
Le marché relève de l'accord sur les marchés publics (AMP) : oui
5.1.7 Marché public stratégique
Méthode utilisée pour réduire l'incidence environnementale : Autre
Objectif social promu : Autre
5.1.11 Documents de marché
Adresse des documents de marché :
https://alsacemarchespublics.eu
Canal de communication ad hoc :
Nom : AW Solutions
5.1.12 Conditions du marché public
Conditions de présentation :
Présentation par voie électronique : Requise
Adresse de présentation :
https://plateforme.alsacemarchespublics.eu/?page=Entreprise.EntrepriseAdvancedSearch&AllCons&id=545788&orgAcronyme=b3y
Langues dans lesquelles les offres ou demandes de participation peuvent être présentées : français
Catalogue électronique : Non autorisée
Variantes : Non autorisée
Date limite de réception des offres :
16/01/2026 à 12:00
Date limite de validité de l'offre : 6 Mois
Informations relatives à l'ouverture publique :
Date d'ouverture : 16/01/2026 à 14:00
Conditions du marché :
Le marché doit être exécuté dans le cadre de programmes d'emplois protégés : Non
Conditions relatives à l'exécution du contrat : L'exécution des prestations débute à compter de la réception du premier bon de commande. Aucune clause de garantie financière prévue. Le contrat prévoit le versement d'une avance, sans obligation de constituer une garantie financière pour en bénéficier. Les prix sont révisables. Le paiement des prestations se fera dans le respect du délai global de paiement applicable à l'acheteur. La consultation comporte des conditions d'exécution à caractère social et environnemental détaillées au cahier des charges. Forme juridique imposée au groupement attributaire : Aucune forme de groupement imposée à l'attributaire
Facturation en ligne : Requise
La commande en ligne sera utilisée : non
Le paiement en ligne sera utilisé : non
Montage financier : L'accord-cadre est financé sur fonds propres de l'acheteur Aucune clause de garantie financière prévue. Le contrat prévoit le versement d'une avance, sans obligation de constituer une garantie financière pour en bénéficier. Les prix sont révisables. Le paiement des prestations se fera dans le respect du délai global de paiement applicable à l'acheteur
5.1.15 Techniques
Accord-cadre :
Accord-cadre, sans remise en concurrence
Nombre maximal de participants : 1
Informations sur le système d'acquisition dynamique :
Pas de système d'acquisition dynamique
Enchère électronique : non
5.1.16 Informations complémentaires, médiation et réexamen
Organisation chargée des procédures de recours : Tribunal administratif de Strasbourg
Organisation qui fournit des informations complémentaires sur la procédure de passation de marché : Port autonome de Strasbourg
Organisation qui fournit des précisions concernant l'introduction des recours : Tribunal administratif de Strasbourg
TED eSender : Avenue-Web Systèmes
Section 8 - Organisations
8.1 ORG-0001
Nom officiel : Avenue-Web Systèmes
Numéro d'enregistrement : 186934B5-AAC8-ABFA-6447EE344BE063EB
Ville : Seyssinet-Pariset
Code postal : 38170
Subdivision pays (NUTS) : Isère ( FRK24 )
Pays : France
Adresse électronique :
[email protected]
Téléphone : +33480041260
Rôles de cette organisation :
TED eSender
8.1 ORG-0002
Nom officiel : Port autonome de Strasbourg
Numéro d'enregistrement : 65021
Adresse postale : 1, Rue du Port du Rhin
Ville : Strasbourg
Code postal : 67002
Subdivision pays (NUTS) : Bas-Rhin ( FRF11 )
Pays : France
Point de contact : Claire MERLIN
Adresse électronique :
[email protected]
Téléphone : 0388217843
Adresse internet :
http://www.strasbourg.port.fr
Profil de l'acheteur :
https://alsacemarchespublics.eu
Rôles de cette organisation :
Acheteur
8.1 ORG-0003
Nom officiel : Port autonome de Strasbourg
Numéro d'enregistrement : 186934D7-9CCC-E9BF-CAB3E041EB70C779
Adresse postale : 1 rue du Port du Rhin
Ville : Strasbourg
Code postal : 67000
Subdivision pays (NUTS) : Bas-Rhin ( FRF11 )
Pays : France
Adresse électronique :
[email protected]
Téléphone : 0388217472
Rôles de cette organisation :
Organisation qui fournit des informations complémentaires sur la procédure de passation de marché
8.1 ORG-0004
Nom officiel : Tribunal administratif de Strasbourg
Numéro d'enregistrement : 186934E7-D3B7-1336-7D81462600CC139C
Adresse postale : 31, avenue de la Paix
Ville : Strasbourg
Code postal : 67070
Subdivision pays (NUTS) : Bas-Rhin ( FRF11 )
Pays : France
Adresse électronique :
[email protected]
Téléphone : 0388212323
Télécopieur : 0388364466
Rôles de cette organisation :
Organisation chargée des procédures de recours
8.1 ORG-0005
Nom officiel : Tribunal administratif de Strasbourg
Numéro d'enregistrement : 186934FF-B3C4-1C2D-42FE55D1E37E7086
Adresse postale : 31, avenue de la Paix
Ville : Strasbourg
Code postal : 67070
Subdivision pays (NUTS) : Bas-Rhin ( FRF11 )
Pays : France
Adresse électronique :
[email protected]
Téléphone : 0388212323
Télécopieur : 0388364466
Rôles de cette organisation :
Organisation qui fournit des précisions concernant l'introduction des recours
Section 11 - Informations relatives à l'avis
11.1 Informations relatives à l'avis
Identifiant/version de l'avis : 050b9906-4b17-494a-bbb4-74e59fa7ced3 - 01
Type de formulaire : Mise en concurrence
Type d'avis : Avis de marché ou de concession - régime ordinaire
Date d'envoi de l'avis : 04/12/2025 à 11:10
Langues dans lesquelles l'avis en question est officiellement disponible : français
11.2 Informations relatives à la publication
Date d'envoi du présent avis à la publication :
04/12/2025
Recevoir des avis similaires
Mettre en favori
Partager
Imprimer
Télécharger en pdf
Nouvelle recherche
Voir les avis similaires
Ces avis peuvent vous intéresser
Avis similaires
Voir
                                        tout
Eurométropole de Strasbourg
Travaux de restauration de l'Eschenwoerth
AO : AO-2545-1307
67 -
                                                                                    STRASBOURG
Travaux Publics
Procédure adaptée
Mise en ligne : 29/10/2025
Limite de réponse :
09/12/2025
Avis du même domaine d’activité
Voir tout
Hydreaulys
ACCORD-CADRE À BONS DE COMMANDE POUR UNE PRESTATION DE GESTION DES EMBACLES ET D'ENTRETIEN DE LA VEGETATION RIVULAIRE SUR LE TERRITOIRE DU SYNDICAT HYDREAULYS.
AO : AO-2551-0580
67 -
                                                                                    STRASBOURG
Travaux Publics
Procédure adaptée
Mise en ligne : 07/12/2025
Limite de réponse :
12/01/2026
Ville de Mana
Conception, réalisation de Fourniture et pose d'un ponton flottant au bourg de Mana.
AO : AO-2551-0399
67 -
                                                                                    STRASBOURG
Travaux Publics
Appel d'offres ouvert
Mise en ligne : 07/12/2025
Limite de réponse :
05/01/2026
Métropole d'Aix Marseille Provence
Réparation des mouillages réfection et entretien des moyens d'amarrages des ports de plaisance de Métropole Aix Marseille Provence situés sur la commune de Marseille.
AO : AO-2550-2835
67 -
                                                                                    STRASBOURG
Travaux Publics
Appel d'offres ouvert
Mise en ligne : 06/12/2025
Limite de réponse :
05/01/2026
Avis à Proximité
Voir tout
Préfecture de la Région Alsace Sgare
2025_PFRAGE_TRVX_ELEC.
AO : AO-2551-0557
67 -
                                                                                    STRASBOURG
Travaux de bâtiment
Appel d'offres ouvert
Mise en ligne : 07/12/2025
Limite de réponse :
10/02/2026
Région Grand Est
Accord-cadre à bons de commande pour l'éxecution des travaux non programmés de réparation, d'entretien courant, de maintenance, de mise en conformité et d'aménagements ponctuels sur le patrimoine immobilier sous maitrise d'ouvrage régionale.
AO : AO-2551-0556
67 -
                                                                                    STRASBOURG
Travaux de bâtiment
Appel d'offres ouvert
Mise en ligne : 07/12/2025
Limite de réponse :
08/01/2026
Ecole D'Architecture - EPNA
ACCOMPAGNEMENT EDITORIAL PAR JOURNALISTE-REDACTEUR.
AO : AO-2551-0344
67 -
                                                                                    STRASBOURG
Services
Procédure adaptée
Mise en ligne : 07/12/2025
Limite de réponse :
08/01/2026
Recevoir des avis similaires
Des questions ?
Nous sommes à votre service.
Nous contacter
Quels avis de marchés sont publiés sur Marchés Online ?
La plate-forme Marchés Online vous permet d'accéder à l'ensemble des appels d'offres publics
                        publiés, dans tous les secteurs d'activité et pour tous les types de marchés. Vous retrouvez
                        également des projets de travaux privés.
Comment rechercher un avis de marché public sur Marchés Online ?
Notre moteur de recherche vous permet de cibler les marchés qui correspondent à votre secteur
                        d'activité ou à tout autre critère relatif aux marchés : mots-clés, localisation géographique,
                        nature du marché, type de procédure, la date limite de réponse, etc.
Qu'est-ce qu'un profil de recherche d'avis de marchés public sur Marchés Online et comment
                            en créer ?
Un profil de recherche reprend tous vos critères de recherche d'avis. Il vous permet
                        d'enregistrer une alerte, qui vous notifiera automatiquement par email de tous les nouveaux avis
                        publiés correspondants à ces critères.
Comment partager un avis de marché public sur Marchés Online ?
Vous pouvez transmettre à vos collègues un appel d'offres susceptible de les intéresser avec le
                        bouton « Partager » en haut à droite de l'avis. Celui-ci sera envoyé aux adresses emails que
                        vous aurez saisies.
Comment définir une alerte e-mail sur Marchés Online ?
Depuis la page de détail d'un avis, en cliquant sur le bouton ""Recevoir des avis similaires"", ou
                        depuis votre espace entreprise (section ""Mes recherches""), vous pouvez activer l'alerte e-mail
                        correspondant à vos critères de recherche.
Nous contacter
L'accès à cette fonctionnalité nécessite d'être identifié
Pour utiliser cette fonctionnalité,
connectez-vous
Mon identifiant*
Mot de passe*
Mot de passe oublié ?
Je me connecte
Vous n’avez pas encore de compte ?
Identifiez-vous
pour bénéficier de l’ensemble des services suivants :
Création de
vos propres profils de recherche
pour éviter de saisir à chaque visite vos critères de recherche.
Mise en place
d’alertes e-mail
quotidiennes ou hebdomadaires sur ces profils, pour rester informé de toute nouvelle opportunité.
Accès au DCE
et répondre en ligne aux avis identifiés par ce pictogramme.
Une base complète de
projets de marchés privés
pour détecter de nouvelles affaires.
Le référencement de
votre profil
dans notre
annuaire
pour augmenter
votre visibilité auprès des acheteurs.
Je crée mon compte
Envoyer à un contact
Identification
Vous souhaitez envoyer cet avis à un contact ?
Renseignez simplement les noms et adresses mail de vos destinataires
NOM DU DESTINATAIRE *
1
*
2
3
4
5
MAIL DU DESTINATAIRE *
*
* Champs obligatoires
Vous pouvez personnaliser votre message
Envoyer",
Biodechets.,07/12/2025,https://www.marchesonline.com/appels-offres/avis/biodechets/ao-9529644-1,"Appels d’offres
Nouvelle recherche
Biodechets.
Retour à la liste
Lycée Camille St Saens
Biodechets.
95 -
                                                                                                                    DEUIL LA BARRE
Mise en ligne :
                                        07/12/2025
Limite de
                                            réponse
                                            : 19/12/2025
Services
Autres
Avis n°AO-2550-2450
Lycée Camille St Saens
Biodechets.
95 -
                                                                                                                    DEUIL LA BARRE
Limite de réponse :
                                19/12/2025
Le texte complet de cet avis est uniquement accessible
                                    pour
les abonnés à notre formule payante
Veille
                                        intégrale
Je m'inscris
Descriptif
Source : WEB
Recevoir des avis similaires
Mettre en favori
Imprimer
Télécharger en pdf
Nouvelle recherche
Voir les avis similaires
Ces avis peuvent vous intéresser
Avis similaires
Voir
                                        tout
SIGIDURS
Fourniture et mise en place de bornes pour la collecte des déchets ménagers et assimilés.
AO : AO-2550-3008
95 -
                                                                                    DEUIL LA BARRE
Services
Appel d'offres ouvert
Mise en ligne : 06/12/2025
Limite de réponse :
12/01/2026
SIGIDURS
Acquisition de contenants de pré-collecte et de pièces détachées
AO : AO-2550-0370
95 -
                                                                                    DEUIL LA BARRE
Services
Appel d'offres ouvert
Mise en ligne : 30/11/2025
Limite de réponse :
12/01/2026
Ville d'Enghien les Bains
PRESTATIONS DE PROPRETE URBAINE DES ESPACES PUBLICS DE LA COMMUNE.
AO : AO-2549-0315
95 -
                                                                                    DEUIL LA BARRE
Services
Procédure adaptée
Mise en ligne : 23/11/2025
Limite de réponse :
09/12/2025
Avis du même domaine d’activité
Voir tout
CCM de Puisaye Forterre
Marché de collecte des déchets ménagers et assimilés.
AO : AO-2551-0584
95 -
                                                                                    DEUIL LA BARRE
Services
Appel d'offres ouvert
Mise en ligne : 07/12/2025
Limite de réponse :
02/02/2026
Ville de Guyancourt
Entretien des ouvrages annexes d'assainissement pluvial des voiries départementales des Hauts-de-Seine.
AO : AO-2551-0578
95 -
                                                                                    DEUIL LA BARRE
Travaux Publics
Appel d'offres ouvert
Mise en ligne : 07/12/2025
Limite de réponse :
07/01/2026
SIAAP
Achat de préleveurs d'eau, de préleveurs d'air et de préleveurs de boue pour le SIAAP - 3 LOTS.
AO : AO-2551-0564
95 -
                                                                                    DEUIL LA BARRE
Travaux de bâtiment
Appel d'offres ouvert
Mise en ligne : 07/12/2025
Limite de réponse :
09/01/2026
Avis à Proximité
Voir tout
Paris Sud Aménagement
Marché de travaux - désamiantage et démolition - lots Mirabeau Nord et Barbusse Nord-Est. Concession d'aménagement sur les îlots Barbusse / Pont Neuf et Mirabeau
AO : AO-2551-0396
95 -
                                                                                    DEUIL LA BARRE
Travaux de bâtiment
Appel d'offres ouvert
Mise en ligne : 07/12/2025
Limite de réponse :
12/01/2026
Ville de Soisy sous Montmorency
Location de structures gonflables et d'équipements de fête foraine pour les diverses manifestations organisées par la ville de Soisy-sous-Montmorency.
AO : AO-2551-0395
95 -
                                                                                    DEUIL LA BARRE
Services
Procédure adaptée
Mise en ligne : 07/12/2025
Limite de réponse :
30/12/2025
Dalkia Smart Building
EXTENSION DU RÉSEAU DE CHALEUR URBAINE DE GOUSSAINVILLE LOT 6.
AO : AO-2551-0057
95 -
                                                                                    DEUIL LA BARRE
Travaux de bâtiment
Appel d'offres ouvert
Mise en ligne : 07/12/2025
Limite de réponse :
02/01/2026
Recevoir des avis similaires
Des questions ?
Nous sommes à votre service.
Nous contacter
Quels avis de marchés sont publiés sur Marchés Online ?
La plate-forme Marchés Online vous permet d'accéder à l'ensemble des appels d'offres publics
                        publiés, dans tous les secteurs d'activité et pour tous les types de marchés. Vous retrouvez
                        également des projets de travaux privés.
Comment rechercher un avis de marché public sur Marchés Online ?
Notre moteur de recherche vous permet de cibler les marchés qui correspondent à votre secteur
                        d'activité ou à tout autre critère relatif aux marchés : mots-clés, localisation géographique,
                        nature du marché, type de procédure, la date limite de réponse, etc.
Qu'est-ce qu'un profil de recherche d'avis de marchés public sur Marchés Online et comment
                            en créer ?
Un profil de recherche reprend tous vos critères de recherche d'avis. Il vous permet
                        d'enregistrer une alerte, qui vous notifiera automatiquement par email de tous les nouveaux avis
                        publiés correspondants à ces critères.
Comment partager un avis de marché public sur Marchés Online ?
Vous pouvez transmettre à vos collègues un appel d'offres susceptible de les intéresser avec le
                        bouton « Partager » en haut à droite de l'avis. Celui-ci sera envoyé aux adresses emails que
                        vous aurez saisies.
Comment définir une alerte e-mail sur Marchés Online ?
Depuis la page de détail d'un avis, en cliquant sur le bouton ""Recevoir des avis similaires"", ou
                        depuis votre espace entreprise (section ""Mes recherches""), vous pouvez activer l'alerte e-mail
                        correspondant à vos critères de recherche.
Nous contacter
L'accès à cette fonctionnalité nécessite d'être identifié
Pour utiliser cette fonctionnalité,
connectez-vous
Mon identifiant*
Mot de passe*
Mot de passe oublié ?
Je me connecte
Vous n’avez pas encore de compte ?
Identifiez-vous
pour bénéficier de l’ensemble des services suivants :
Création de
vos propres profils de recherche
pour éviter de saisir à chaque visite vos critères de recherche.
Mise en place
d’alertes e-mail
quotidiennes ou hebdomadaires sur ces profils, pour rester informé de toute nouvelle opportunité.
Accès au DCE
et répondre en ligne aux avis identifiés par ce pictogramme.
Une base complète de
projets de marchés privés
pour détecter de nouvelles affaires.
Le référencement de
votre profil
dans notre
annuaire
pour augmenter
votre visibilité auprès des acheteurs.
Je crée mon compte
Envoyer à un contact
Identification
Vous souhaitez envoyer cet avis à un contact ?
Renseignez simplement les noms et adresses mail de vos destinataires
NOM DU DESTINATAIRE *
1
*
2
3
4
5
MAIL DU DESTINATAIRE *
*
* Champs obligatoires
Vous pouvez personnaliser votre message
Envoyer",
Réhabilitation du pont sur le Dorinet -RD70 PR6+215 - Commune de Hauteluce (73)..,07/12/2025,https://www.marchesonline.com/appels-offres/avis/rehabilitation-du-pont-sur-le-dorinet-rd70-pr6-215/ao-9529574-1,"Appels d’offres
Nouvelle recherche
Réhabilitation du pont sur le Dorinet -RD70 PR6+215 - Commune de Hauteluce (73)..
Retour à la liste
Département de la Savoie
Réhabilitation du pont sur le Dorinet -RD70 PR6+215 - Commune de Hauteluce (73)..
73 -
                                                                                                                    HAUTELUCE
Mise en ligne :
                                        07/12/2025
Limite de
                                            réponse
                                            : 08/01/2026
Travaux de bâtiment
Procédure adaptée
Avis n°AO-2550-2380
Département de la Savoie
Réhabilitation du pont sur le Dorinet -RD70 PR6+215 - Commune de Hauteluce (73)..
73 -
                                                                                                                    HAUTELUCE
Limite de réponse :
                                08/01/2026
Le texte complet de cet avis est uniquement accessible
                                    pour
les abonnés à notre formule payante
Veille
                                        intégrale
Je m'inscris
Descriptif
Source : WEB
Recevoir des avis similaires
Mettre en favori
Imprimer
Télécharger en pdf
Nouvelle recherche
Voir les avis similaires
Ces avis peuvent vous intéresser
Avis similaires
Voir
                                        tout
Ville d'Aime la Plagne
Remise En Etat Sanitaire Eglise Longefoy Phase 01.
AO : AO-2550-1818
73 -
                                                                                    HAUTELUCE
Travaux de bâtiment
Procédure adaptée
Mise en ligne : 04/12/2025
Limite de réponse :
30/12/2025
Ville de La Plagne Tarentaise
Travaux d'entretien et d'aménagement de voirie sur le territoire de la commune de La Plagne Tarentaise.
AO : AO-2547-0712
73 -
                                                                                    HAUTELUCE
Travaux de bâtiment
Procédure adaptée
Mise en ligne : 09/11/2025
Limite de réponse :
15/12/2025
Ville d'Aix les Bains
Accord-cadre pour les travaux d'aménagements et de maintenance des bâtiments municipaux de la Ville d'Aix les Bains..
AO : AO-2546-2540
73 -
                                                                                    HAUTELUCE
Travaux de bâtiment
Procédure adaptée
Mise en ligne : 07/11/2025
Limite de réponse :
10/12/2025
Avis du même domaine d’activité
Voir tout
Groupe Ephese
Location et acquisition de bâtiments modulaires.
AO : AO-2551-0518
73 -
                                                                                    HAUTELUCE
Travaux de bâtiment
Procédure adaptée
Mise en ligne : 07/12/2025
Limite de réponse :
06/01/2026
RATP (siège)
Automatisation pour l'arrivée du MF19 L13 Interstation Porte de Vanves - Malakoff - Plateau de Vanves  Création de locaux techniques Lot AME-PVAN.
AO : AO-2551-0514
73 -
                                                                                    HAUTELUCE
Etudes, Maîtrise d'oeuvre, Contrôle
Marché négocié
Mise en ligne : 07/12/2025
Limite de réponse :
07/01/2026
KEOLIS Lille Metropole
IC CFA-05 - Armoires tramway.
AO : AO-2551-0506
73 -
                                                                                    HAUTELUCE
Travaux de bâtiment
Appel d'offres restreint
Mise en ligne : 07/12/2025
Limite de réponse :
14/01/2026
Avis à Proximité
Voir tout
CGFPT de la Savoie
Organisation des épreuves pratiques des concours et de l'examen professionnel d'adjoint technique territorial principal de 2eme classe pour le compte du Centre de Gestion de la Sav.
AO : AO-2551-0561
73 -
                                                                                    HAUTELUCE
Services
Procédure adaptée
Mise en ligne : 07/12/2025
Limite de réponse :
20/01/2026
Ville de Courchevel
Mission de maîtrise d'oeuvre pour la rénovation des installations techniques de la patinoire.
AO : AO-2551-0352
73 -
                                                                                    HAUTELUCE
Etudes, Maîtrise d'oeuvre, Contrôle
Appel d'offres ouvert
Mise en ligne : 07/12/2025
Limite de réponse :
06/01/2026
Communauté d agglomération Grand Lac
Entretien courant et balisage des sentiers pédestres, VTT et Via ferrata du réseau Grand Lac.
AO : AO-2550-2956
73 -
                                                                                    HAUTELUCE
Etudes, Maîtrise d'oeuvre, Contrôle
Appel d'offres ouvert
Mise en ligne : 06/12/2025
Limite de réponse :
12/01/2026
Recevoir des avis similaires
Des questions ?
Nous sommes à votre service.
Nous contacter
Quels avis de marchés sont publiés sur Marchés Online ?
La plate-forme Marchés Online vous permet d'accéder à l'ensemble des appels d'offres publics
                        publiés, dans tous les secteurs d'activité et pour tous les types de marchés. Vous retrouvez
                        également des projets de travaux privés.
Comment rechercher un avis de marché public sur Marchés Online ?
Notre moteur de recherche vous permet de cibler les marchés qui correspondent à votre secteur
                        d'activité ou à tout autre critère relatif aux marchés : mots-clés, localisation géographique,
                        nature du marché, type de procédure, la date limite de réponse, etc.
Qu'est-ce qu'un profil de recherche d'avis de marchés public sur Marchés Online et comment
                            en créer ?
Un profil de recherche reprend tous vos critères de recherche d'avis. Il vous permet
                        d'enregistrer une alerte, qui vous notifiera automatiquement par email de tous les nouveaux avis
                        publiés correspondants à ces critères.
Comment partager un avis de marché public sur Marchés Online ?
Vous pouvez transmettre à vos collègues un appel d'offres susceptible de les intéresser avec le
                        bouton « Partager » en haut à droite de l'avis. Celui-ci sera envoyé aux adresses emails que
                        vous aurez saisies.
Comment définir une alerte e-mail sur Marchés Online ?
Depuis la page de détail d'un avis, en cliquant sur le bouton ""Recevoir des avis similaires"", ou
                        depuis votre espace entreprise (section ""Mes recherches""), vous pouvez activer l'alerte e-mail
                        correspondant à vos critères de recherche.
Nous contacter
L'accès à cette fonctionnalité nécessite d'être identifié
Pour utiliser cette fonctionnalité,
connectez-vous
Mon identifiant*
Mot de passe*
Mot de passe oublié ?
Je me connecte
Vous n’avez pas encore de compte ?
Identifiez-vous
pour bénéficier de l’ensemble des services suivants :
Création de
vos propres profils de recherche
pour éviter de saisir à chaque visite vos critères de recherche.
Mise en place
d’alertes e-mail
quotidiennes ou hebdomadaires sur ces profils, pour rester informé de toute nouvelle opportunité.
Accès au DCE
et répondre en ligne aux avis identifiés par ce pictogramme.
Une base complète de
projets de marchés privés
pour détecter de nouvelles affaires.
Le référencement de
votre profil
dans notre
annuaire
pour augmenter
votre visibilité auprès des acheteurs.
Je crée mon compte
Envoyer à un contact
Identification
Vous souhaitez envoyer cet avis à un contact ?
Renseignez simplement les noms et adresses mail de vos destinataires
NOM DU DESTINATAIRE *
1
*
2
3
4
5
MAIL DU DESTINATAIRE *
*
* Champs obligatoires
Vous pouvez personnaliser votre message
Envoyer",
"Acquisition, livraison, installation, mise en service et formation d'une ligne de production computer to plate pour l'imprimerie de la direction de l'information légale et administrative (DILA).",06/12/2025,https://www.marchesonline.com/appels-offres/avis/acquisition-livraison-installation-mise-en-service-e/ao-9530156-1,"Appels d’offres
Nouvelle recherche
Acquisition, livraison, installation, mise en service et formation d'une ligne de production computer to plate pour l'imprimerie de la direction de l'information légale et administrative (DILA).
Retour à la liste
Service du Premier Ministre - DSAF - B CP
Acquisition, livraison, installation, mise en service et formation d'une ligne de production computer to plate pour l'imprimerie de la direction de l'information légale et administrative (DILA).
75 -
                                                                                                                    DSAF
Mise en ligne :
                                        06/12/2025
Limite de
                                            réponse
                                            : 21/01/2026
Services
Appel d'offres ouvert
Avis n°AO-2550-2970
Service du Premier Ministre - DSAF - B CP
Acquisition, livraison, installation, mise en service et formation d'une ligne de production computer to plate pour l'imprimerie de la direction de l'information légale et administrative (DILA).
75 -
                                                                                                                    DSAF
Limite de réponse :
                                21/01/2026
Descriptif
Source : WEB
Avis de marché
Département(s) de publication :75
Annonce n° 25-133078
Section 1 - Acheteur
1.1 Acheteur
Nom officiel : Direction des services administratifs et financiers du Premier ministre (DSAF)
Forme juridique de l'acheteur : Autorité publique centrale
Activité du pouvoir adjudicateur : Services d'administration générale
Section 2 - Procédure
2.1 Procédure
Titre : Acquisition, livraison, installation, mise en service et formation d'une ligne de production Computer to plate pour l'imprimerie de la Direction de l'information légale et administrative (DILA)
Description : Il est décomposé en 4 postes : Poste 1 : Acquisition, livraison et installation du computer to plate et de l'unité de nettoyage. Le cas échéant, il comprend l'acquisition, livraison et l'installation de la station informatique. Poste 2 : Formation « conduite », « maintenance informatique » et « maintenance de production ». Poste 3 : Intervention dans le cadre de la maintenance préventive et corrective. Poste 4 : Prestation sur devis.
Identifiant de la procédure : 3a387a8e-8815-468a-844e-708d157457c5
Identifiant interne : 25_BAM_791_M00
Type de procédure : Ouverte
La procédure est accélérée : non
Principales caractéristiques de la procédure : Le présent marché est passé selon un appel d'offres ouvert conformément aux articles L2124-1, L2124-2, R2124-1, R2124-2-1° et R2161-2 à R2161-5 du code de la commande publique (CCP).
2.1.1 Objet
Nature du marché : Fournitures
Nature supplémentaire du marché : Services
Nomenclature principale ( cpv ): 42962000 Équipement d'impression et de graphisme
Nomenclature supplémentaire ( cpv ): 50530000 Services de réparation et d'entretien de machines
2.1.2 Lieu d'exécution
Ville : Paris
Code postal : 75015
Subdivision pays (NUTS) : Paris ( FR101 )
Pays : France
Informations complémentaires : Les candidats/soumissionnaires doivent impérativement remettre l'attestation de visite obligatoire à l'appui de leur offre (cf. article 4.3.5 du présent règlement de consultation). Le montant estimatif de 20 000  HT correspond à la part traitée en accord-cadre à bons de commande sur toute sa durée. Cette part à bons de commande est conclue sans montant minimum et avec un montant maximum de 60 000  HT pour toute sa durée. Les candidats doivent obligatoirement s'inscrire puis visiter le site de la DILA situé au 26, rue Desaix, 75015 PARIS, au plus tard aux dates limites fixées en première page du règlement de la consultation. Les candidats/soumissionnaires ne pourront opposer l'impossibilité d'effectuer la visite et donc de soumissionner s'ils ne respectent pas les dates et délais imposés et rappelés en première page du règlement de la consultation. A l'issue de cette visite obligatoire, les candidats/soumissionnaires reçoivent une attestation de visite qu'ils joignent impérativement à leur dossier de réponse à la consultation. L'offre d'un candidat/soumissionnaire n'ayant pas procédé à la visite préalable obligatoire sera considérée comme irrégulière et sera éliminée. Conditions de remise des offres : les modalités de dépôt des offres sont précisées dans le RC. La consultation est dématérialisée. Les offres sont obligatoirement remises via le site
https://www.marchespublics.gouv.fr
. Les modalités de dépôt des offres sont précisées dans le règlement de la consultation. Cautionnement et garanties exigés : il n'est ni pratiqué de retenue de garantie ni exigé de cautionnement au titre du présent marché (art. 11.2 du CCAP).
Modalités essentielles de financement et de paiement et/ou références aux textes qui les réglementent :
les sommes dues sont payées conformément aux dispositions de l'article L2192-10 du code de la commande publique (CCP). Le délai global de paiement est fixé à trente (30) jours. A défaut de paiement dans le délai de 30 jours, les intérêts moratoires sont dus. Conformément à l'article R2192-31 du code de la commande publique, le taux des intérêts moratoires est égal au taux d'intérêt appliqué par la BCE à ses opérations principales de refinancement les plus récentes en vigueur au premier jour du semestre de l'année civile au cours duquel les intérêts moratoires ont commencé à courir majoré de 8 points de pourcentage. Conformément aux articles D2192-35 et R2192-36 du code de la commande publique, le retard de paiement donne lieu de plein droit et sans autre formalité au versement d'une indemnité forfaitaire pour frais de recouvrement dont le montant est fixé à 40 euros. Les intérêts moratoires et l'indemnité forfaitaire pour frais de recouvrement sont payés dans un délai de 45 jours suivant la mise en paiement du principal. Forme juridique que devra revêtir le groupement d'opérateurs économiques attributaire du marché : en cas de groupement conjoint le mandataire est solidaire pour l'exécution du marché de chacun des membres du groupement pour ses obligations contractuelles à l'égard du pouvoir adjudicateur. Langues pouvant être utilisées dans l'offre ou la candidature : français.
Critères d'attribution :
Toutes les informations sont disponibles dans le règlement de la consultation (art. 6.3 du RC). Le marché est conclu pour une durée de 20 mois à compter de sa date de notification. S'agissant de la part traitée en accord-cadre à bons de commande, la durée de validité au cours de laquelle il est possible d'émettre des bons de commande suit la durée du marché. Le marché n'est pas reconductible.
2.1.3 Valeur
Valeur estimée hors TVA : 20,000 Euro
2.1.4 Informations générales
Informations complémentaires : Le marché est traité à prix global et forfaitaire conformément au montant inscrit dans la décomposition du prix global et forfaitaire (DPGF) et dans l'acte d'engagement. Il comporte également une part exécutée par l'émission de bons de commande et traitée en accord-cadre à bons de commande au sens des articles R2162-1 à R2162-6, R2162-13 et R2162-14 du code de la commande publique.
Base juridique :
Directive 2014/24/UE
Sans objet
Droit transnational applicable : Sans objet
Section 5 - Lot
5.1 Identifiant technique du lot : LOT-0001
Titre : Acquisition, livraison, installation, mise en service et formation d'une ligne de production Computer to plate pour l'imprimerie de la Direction de l'information légale et administrative (DILA)
Description : Il est décomposé en 4 postes : Poste 1 : Acquisition, livraison et installation du computer to plate et de l'unité de nettoyage. Le cas échéant, il comprend l'acquisition, livraison et l'installation de la station informatique. Poste 2 : Formation « conduite », « maintenance informatique » et « maintenance de production ». Poste 3 : Intervention dans le cadre de la maintenance préventive et corrective. Poste 4 : Prestation sur devis.
Identifiant interne : 25_BAM_791_M00
5.1.1 Objet
Nature du marché : Fournitures
Nomenclature principale ( cpv ): 42962000 Équipement d'impression et de graphisme
Nomenclature supplémentaire ( cpv ): 50530000 Services de réparation et d'entretien de machines
Options :
Description des options : Livraisons complémentaires : en cas de nécessité, l'acheteur se réserve le droit de recourir à des marchés passés sans publicité ni mise en concurrence préalables, ayant pour objet les livraisons complémentaires à celles du présent marché, dans les conditions définies à l'article R2122-4, 1° du code de la commande publique. Le marché comprend une PSE (facultative) mentionnée à l'article 3.8 du R.C.
5.1.2 Lieu d'exécution
Pays : France
N'importe où dans le pays donné
Informations complémentaires :
5.1.3 Durée estimée
Durée : 20 Mois
5.1.4 Renouvellement
Nombre maximal de renouvellements : 0
5.1.5 Valeur
Valeur estimée hors TVA : 20,000 Euro
5.1.6 Informations générales
Participation réservée : La participation n'est pas réservée.
Les noms et les qualifications professionnelles du personnel chargé de l'exécution du marché doivent être mentionnés : Non requises
Projet de passation de marché non financé par des fonds de l'UE
Le marché relève de l'accord sur les marchés publics (AMP) : oui
Le marché en question convient aussi aux petites et moyennes entreprises (PME) : oui
Informations complémentaires : Le marché comprend une prestation supplémentaire éventuelle (Cf article 3.8 du Règlement de la consultation). Le montant estimatif de 20 000  HT correspond à la part traitée en accord-cadre à bons de commande sur toute sa durée. Le marché n'est pas reconductible. L'émission des bons de commande ne peut intervenir que pendant la durée de validité du marché.Modalités sont lesquelles le contrat peut être consulté dans le respect des secrets protégés par la loi à solliciter à l'adresse suivante : SPM - DSAF - SDPAFI - BAM - 20 avenue de Ségur - TSA 70723, 75334, Paris Cedex 07 ; courriel :
[email protected]
; tél : (+33) 1 42 75 80 00.
5.1.7 Marché public stratégique
Méthode utilisée pour réduire l'incidence environnementale : Autre
Critères marchés publics écologiques : Critères applicables aux marchés publics écologiques de l'UE
5.1.10 Critères d'attribution
Critère :
Type : Prix
Nom : Critère 1 - Prix
Critère :
Type : Qualité
Nom : Critère 3 - délai d'intervention dans le cadre de la maintenance curative. Le détail du sous-critère relatif au délai d'intervention sont à retrouver à l'article 6.3 du Règlement de la consultation.
Critère :
Type : Qualité
Nom : Critère 2 - Valeur technique. Les détails des sous-critères de la valeur technique sont à retrouver à l'article 6.3 du Règlement de la consultation.
Critère :
Type : Qualité
Nom : Critère 4 - Pertinence des mesures proposées en lien avec le développement durable. Les détails des sous-critères relatif au développement durable sont à retrouver à l'article 6.3 du Règlement de la consultation.
5.1.11 Documents de marché
Langues dans lesquelles les documents de marché sont officiellement disponibles : français
Langues dans lesquelles les documents de marché (ou leurs parties) sont officieusement disponibles : français
Date limite de demande d'informations complémentaires : 13/01/2026 à 12:00
Adresse des documents de marché :
https://www.marches-publics.gouv.fr/?page=Entreprise.EntrepriseAdvancedSearch&AllCons&id=2894062&orgAcronyme=d2v
5.1.12 Conditions du marché public
Conditions de présentation :
Présentation par voie électronique : Requise
Adresse de présentation :
https://www.marches-publics.gouv.fr/?page=Entreprise.EntrepriseAdvancedSearch&AllCons&id=2894062&orgAcronyme=d2v
Langues dans lesquelles les offres ou demandes de participation peuvent être présentées : français
Catalogue électronique : Non autorisée
La signature ou le cachet électronique avancé(e) ou qualifié(e) [au sens du règlement (UE) ? 910/2014] est requis(e)
Variantes : Non autorisée
Les soumissionnaires peuvent présenter plusieurs offres : Autorisée
Date limite de réception des offres :
21/01/2026 à 12:00
Date limite de validité de l'offre : 180 Jour
Conditions du marché :
Le marché doit être exécuté dans le cadre de programmes d'emplois protégés : Non
Facturation en ligne : Requise
La commande en ligne sera utilisée : oui
Le paiement en ligne sera utilisé : oui
5.1.15 Techniques
Accord-cadre :
Pas d'accord-cadre
Informations sur le système d'acquisition dynamique :
Pas de système d'acquisition dynamique
5.1.16 Informations complémentaires, médiation et réexamen
Organisation chargée des procédures de médiation : Comité consultatif national de règlement amiable de différends ou litiges relatifs aux marchés publics
Organisation chargée des procédures de recours : Tribunal administratif de Paris
Informations relatives aux délais de recours : Il est possible d'exercer devant le tribunal administratif compétent : -soit un référé précontractuel : avant la conclusion du marché (articles L551-1 à -12 et R551-1 à -6 du Code de justice administrative) ; -soit un référé contractuel : à défaut de publication d'un avis d'attribution et du respect du délai de suspension de signature de 11 jours, action à exercer dans un délai de 6 mois à compter du lendemain du jour de la conclusion du marché (articles L551-13 à -23 et R551-7 à -10 du code de justice administrative) ; -soit un recours de plein contentieux : dans un délai de 2 mois à compter de l'accomplissement des mesures de publicité concernant l'attribution du marché (sur le fondement de la jurisprudence du Conseil d'État, 4 avril 2014,""Département du Tarn et Garonne"", n°358994).
Organisation qui fournit des informations complémentaires sur la procédure de passation de marché : Direction des services administratifs et financiers du Premier ministre (DSAF)
Organisation qui fournit un accès hors ligne aux documents de marché : Direction des services administratifs et financiers du Premier ministre (DSAF)
Organisation qui fournit des précisions concernant l'introduction des recours : Direction des services administratifs et financiers du Premier ministre (DSAF)
Organisation qui reçoit les demandes de participation : Direction des services administratifs et financiers du Premier ministre (DSAF)
Organisation qui traite les offres : Direction des services administratifs et financiers du Premier ministre (DSAF)
Section 8 - Organisations
8.1 ORG-0001
Nom officiel : Direction des services administratifs et financiers du Premier ministre (DSAF)
Numéro d'enregistrement : 12000103700023
Adresse postale : 20 avenue de Ségur
Ville : Paris
Code postal : 75007
Subdivision pays (NUTS) : Paris ( FR101 )
Pays : France
Point de contact : Axel JAKLIMOVITCH
Adresse électronique :
[email protected]
Téléphone : +33 1 42757334
Adresse internet :
https://www.marches-publics.gouv.fr
Point de terminaison pour l'échange d'informations (URL) :
https://www.marches-publics.gouv.fr
Profil de l'acheteur :
https://www.marches-publics.gouv.fr
Rôles de cette organisation :
Acheteur
Organisation qui fournit des informations complémentaires sur la procédure de passation de marché
Organisation qui fournit un accès hors ligne aux documents de marché
Organisation qui reçoit les demandes de participation
Organisation qui traite les offres
Organisation qui fournit des précisions concernant l'introduction des recours
8.1 ORG-0002
Nom officiel : Tribunal administratif de Paris
Numéro d'enregistrement : 17750005500013
Adresse postale : 7 rue de Jouy
Ville : Paris
Code postal : 75181 Paris
Subdivision pays (NUTS) : Paris ( FR101 )
Pays : France
Adresse électronique :
[email protected]
Téléphone : +33 144594400
Adresse internet :
https://paris.tribunal-administratif.fr/
Point de terminaison pour l'échange d'informations (URL) :
https://paris.tribunal-administratif.fr/
Rôles de cette organisation :
Organisation chargée des procédures de recours
8.1 ORG-0003
Nom officiel : Comité consultatif national de règlement amiable de différends ou litiges relatifs aux marchés publics
Numéro d'enregistrement : 12000009600020
Adresse postale : 6 rue Louise Weiss
Ville : Paris
Code postal : 75013
Subdivision pays (NUTS) : Paris ( FR101 )
Pays : France
Adresse électronique :
[email protected]
Téléphone : +33 144970422
Rôles de cette organisation :
Organisation chargée des procédures de médiation
Informations relatives à l'avis
Identifiant/version de l'avis : 295cc10e-9375-49d4-99a0-9f36fe928a07 - 01
Type de formulaire : Mise en concurrence
Type d'avis : Avis de marché ou de concession - régime ordinaire
Date d'envoi de l'avis : 03/12/2025 à 08:09
Langues dans lesquelles l'avis en question est officiellement disponible : français
Date d'envoi du présent avis à la publication :
03/12/2025
Recevoir des avis similaires
Mettre en favori
Partager
Imprimer
Télécharger en pdf
Nouvelle recherche
Voir les avis similaires
Ces avis peuvent vous intéresser
Avis similaires
Voir
                                        tout
Fédération AGIRC-ARRCO
Mise à disposition d'un outil de gestion des courriers réglementaires et de médiation en SaaS et prestations associées pour la DRJ
AO : AO-2550-0774
75 -
                                                                                    DSAF
Services
Procédure adaptée
Mise en ligne : 03/12/2025
Limite de réponse :
12/01/2026
Ministère des Armées
Acquisition de nouveaux scanners et maintenance des scanners de production déjà acquis du Service historique de la Défense.
AO : AO-2550-0532
75 -
                                                                                    DSAF
Fournitures
Appel d'offres ouvert
Mise en ligne : 03/12/2025
Limite de réponse :
19/01/2026
CERIB
Fourniture de bureau et Mobilier de bureau.
AO : AO-2548-3764
75 -
                                                                                    DSAF
Fournitures
Procédure adaptée
Mise en ligne : 23/11/2025
Limite de réponse :
10/12/2025
Avis du même domaine d’activité
Voir tout
Ville de Vaujours
Travaux d'installation, mise à disposition et exploitation d'un distributeur automatique de billets.
AO : AO-2551-0384
75 -
                                                                                    DSAF
Services
Procédure adaptée
Mise en ligne : 07/12/2025
Limite de réponse :
26/12/2025
Communauté d'Agglomération Provence Verte
Fourniture et mise en oeuvre du stand de la Communauté d'Agglomération de la Provence Verte - Foire de Brignoles 2026..
AO : AO-2551-0371
75 -
                                                                                    DSAF
Services
Procédure adaptée
Mise en ligne : 07/12/2025
Limite de réponse :
07/01/2026
3 M Montpellier Méditerranée Métropole
Achats de papiers blancs A4 et A3.
AO : AO-2551-0302
75 -
                                                                                    DSAF
Fournitures
Appel d'offres ouvert
Mise en ligne : 07/12/2025
Limite de réponse :
16/01/2026
Avis à Proximité
Voir tout
CANSSM Caisse Autonome Nationale de la Sécurité Sociale dans les Mines
Maintenance préventive, curative et exploitation CVC et ECS des sites de la direction régionale EST de FILIERIS (3 lots)..
AO : AO-2551-0574
75 -
                                                                                    DSAF
Travaux de bâtiment
Appel d'offres ouvert
Mise en ligne : 07/12/2025
Limite de réponse :
12/01/2026
Caisse d'Assurance Vieillesse section professionnelle Pharmaciens
Réalisation d'une surtoiture de protection d'une fosse technique pour un immeuble à usage de bureaux « KALEÏDO » situé au 2-8, rue Albert Einstein - 75013 Paris.
AO : AO-2551-0573
75 -
                                                                                    DSAF
Travaux de bâtiment
Procédure adaptée
Mise en ligne : 07/12/2025
Limite de réponse :
29/12/2025
CNFPT
Fourniture Et Livraison De Denrees Alimentaires Pour Les Restaurants Du Cnfpt - Lots n°1.B à 1.E, 2.B à 2.E, 3.B à 3.D, 4.B à 4.E, 6.B à 6.F et 7.B à 7.E.
AO : AO-2551-0572
75 -
                                                                                    DSAF
Fournitures
Procédure adaptée
Mise en ligne : 07/12/2025
Limite de réponse :
23/01/2026
Recevoir des avis similaires
Des questions ?
Nous sommes à votre service.
Nous contacter
Quels avis de marchés sont publiés sur Marchés Online ?
La plate-forme Marchés Online vous permet d'accéder à l'ensemble des appels d'offres publics
                        publiés, dans tous les secteurs d'activité et pour tous les types de marchés. Vous retrouvez
                        également des projets de travaux privés.
Comment rechercher un avis de marché public sur Marchés Online ?
Notre moteur de recherche vous permet de cibler les marchés qui correspondent à votre secteur
                        d'activité ou à tout autre critère relatif aux marchés : mots-clés, localisation géographique,
                        nature du marché, type de procédure, la date limite de réponse, etc.
Qu'est-ce qu'un profil de recherche d'avis de marchés public sur Marchés Online et comment
                            en créer ?
Un profil de recherche reprend tous vos critères de recherche d'avis. Il vous permet
                        d'enregistrer une alerte, qui vous notifiera automatiquement par email de tous les nouveaux avis
                        publiés correspondants à ces critères.
Comment partager un avis de marché public sur Marchés Online ?
Vous pouvez transmettre à vos collègues un appel d'offres susceptible de les intéresser avec le
                        bouton « Partager » en haut à droite de l'avis. Celui-ci sera envoyé aux adresses emails que
                        vous aurez saisies.
Comment définir une alerte e-mail sur Marchés Online ?
Depuis la page de détail d'un avis, en cliquant sur le bouton ""Recevoir des avis similaires"", ou
                        depuis votre espace entreprise (section ""Mes recherches""), vous pouvez activer l'alerte e-mail
                        correspondant à vos critères de recherche.
Nous contacter
L'accès à cette fonctionnalité nécessite d'être identifié
Pour utiliser cette fonctionnalité,
connectez-vous
Mon identifiant*
Mot de passe*
Mot de passe oublié ?
Je me connecte
Vous n’avez pas encore de compte ?
Identifiez-vous
pour bénéficier de l’ensemble des services suivants :
Création de
vos propres profils de recherche
pour éviter de saisir à chaque visite vos critères de recherche.
Mise en place
d’alertes e-mail
quotidiennes ou hebdomadaires sur ces profils, pour rester informé de toute nouvelle opportunité.
Accès au DCE
et répondre en ligne aux avis identifiés par ce pictogramme.
Une base complète de
projets de marchés privés
pour détecter de nouvelles affaires.
Le référencement de
votre profil
dans notre
annuaire
pour augmenter
votre visibilité auprès des acheteurs.
Je crée mon compte
Envoyer à un contact
Identification
Vous souhaitez envoyer cet avis à un contact ?
Renseignez simplement les noms et adresses mail de vos destinataires
NOM DU DESTINATAIRE *
1
*
2
3
4
5
MAIL DU DESTINATAIRE *
*
* Champs obligatoires
Vous pouvez personnaliser votre message
Envoyer",
